<?xml version="1.0" encoding="UTF-8"?>
<!DOCTYPE mapper
  PUBLIC "-//mybatis.org//DTD Mapper 3.0//EN"
  "http://mybatis.org/dtd/mybatis-3-mapper.dtd">
<mapper namespace="com.shxt.user.model.User">
    <resultMap type="com.shxt.user.model.User" id="BaseResultMap" autoMapping="true">
        <id column="user_id" property="user_id"/>
        <result column="account" property="account"/>
        <result column="user_name" property="user_name"/>
        <result column="status" property="status"/>
    </resultMap>
    
    <sql id="sys_user_column">
        user_id,account,user_name,status
    </sql>
    <sql id="sys_user_column_alias">
        ${alias}.user_id,${alias}.account,${alias}.user_name,${alias}.status
    </sql>
    
    <!-- 登录操作 传递的数据 account/password => Map或者对象 -->
    <select id="login" parameterType="map" resultMap="BaseResultMap">
        SELECT
            <include refid="sys_user_column"/>
        FROM
            sys_user
        WHERE
            account=#{account}
            AND
            password=#{password}
    </select>




</mapper>