<?xml version="1.0" encoding="UTF-8"?>
<!DOCTYPE mapper
    PUBLIC "-//mybatis.org//DTD Mapper 3.0//EN"
    "http://mybatis.org/dtd/mybatis-3-mapper.dtd">
<mapper namespace="com.ccut.mapper.StudentMapper">

	<!-- <if test="start!=null and count!=null "> 参数不为空时候执行 -->
	<select id="list" resultType="com.ccut.pojo.Student">
		select * from student
		<if test="start!=null and count!=null ">
			limit #{start},#{count}
		</if>
	</select>

	<select id="total" resultType="int">
		select count(*) from student
	</select>

	<insert id="add" parameterType="com.ccut.pojo.Student">
		insert into student(name)
		values(#{name})
	</insert>

	<delete id="delete" parameterType="com.ccut.pojo.Student">
		delete from student where id=#{id}
	</delete>

	<update id="update" parameterType="com.ccut.pojo.Student">
		update student set name=#{name} where id=#{id}
	</update>

	<select id="get" parameterType="com.ccut.pojo.Student" resultType="com.ccut.pojo.Student">
		select * from student where id=#{id}
	</select>

</mapper>