<?xml version="1.0" encoding="UTF-8"?>
<!DOCTYPE configuration
  PUBLIC "-//mybatis.org//DTD Config 3.0//EN"
  "http://mybatis.org/dtd/mybatis-3-config.dtd">
<configuration>
    <!-- 一 配置环境,并且设置默认启动环境 -->
    <environments default="development">
        <!-- A.环境信息配置 -->
        <environment id="development">
            <transactionManager type="JDBC" />
            <dataSource type="POOLED">
                <!-- 驱动类 -->
                <property name="driver" value="com.mysql.jdbc.Driver" />
                <!-- 访问路径 -->
                <property name="url" value="jdbc:mysql://127.0.0.1:3306/mybatis" />
                <!-- 用户名 -->
                <property name="username" value="root" />
                <!-- 密码 -->
                <property name="password" value="root" />
            </dataSource>
        </environment>
    </environments>
    
    <!-- 二 加载映射文件 -->
    <mappers>
        <mapper resource="com/shxt/user/model/UserMapper.xml"/>
    </mappers>

</configuration>